Бег,Файер-шоу,Жонглирование,Дизайн одежды
Гербарий
Петанк,Петанк,Батут
Гольф,Фейерверки,Декупаж,Футбол
Животные,Психология и тренинги,Дизайн интерьера,Блоггерство
Боевые искусства,Гольф,Аэрография,Бег
Бег,Бодиарт
Автомобили,Бодиарт,Дизайн одежды
Танцы и балет,Татуировки и пирсинг,Астрономия
Пейнтбол,Астрономия
Стрельба
Горные лыжи,Театр,Пение и караоке
Декупаж
Животные
Выращивание растений и цветов,Футбол,Шитье и вышивание
Бодиарт
Футбол
Граффити,Животные,Аэробика,Горные лыжи
Фейерверки,Гербарий,Декупаж,Выращивание растений и цветов
Файер-шоу,Выращивание кристаллов
Танцы и балет,Гольф
Животные
Батик
Бадминтон,Боевые искусства,Диггерство
Астрономия
Аэрография
Бодиарт,Животные,Ароматерапия,Вязание
Граффити,Декупаж,Плавание,Фотография и фотокниги
Батут
Выращивание растений и цветов,Дартс,Ароматерапия