Михаил,Борисович,Примин
Елена,Богдановна,Адгамова
Юлия,Романовна,Олицкая
Полина,Максимовна,Бегизова
Семён,Фёдорович,Кавыршин
Артур,Денисович,Стабин
Инна,Вадимовна,Кусюкбаева
Инна,Федоровна,Леусатова
Анатолий,Максимович,Журихин
Альберт,Аркадиевич,Савеков
Герасим,Леонидович,Макатров
Владислав,Георгиевич,Мелешенков
Владимир,Антонович,Землянцев
Кирилл,Адамович,Паюров
Ева,Яковлевна,Талабалина
Евгения,Викторовна,Питищева
Маргарита,Андреевна,Бикмеева
Валентин,Михаилович,Дузовнов
Григорий,Василиевич,Доросов
Лариса,Максимовна,Погибалова
Евгения,Романовна,Ошиткова
Ольга,Богдановна,Сгожева
Инна,Борисовна,Вочкина
Кристина,Алексеевна,Бобаева
Анастасия,Петровна,Карышева
Леонид,Андреевич,Хожитнов
Ева,Андреевна,Бондурина
Вера,Максимовна,Крончина
Константин,Петрович,Пароджанов
Степан,Денисович,Ягудин